[TOC]



## SQL基础

### 1.SQL分类

> * DDL(Database Defination Language)
>   * 数据库定义语言,这些语句定义了不同的数据段,数据库,表,列索引等数据库对象的定义,常用的语句关键字包括`create ,drop ,alter,`等等
> * DML(Database Manipulation Language)
>   * 数据库操纵语言: 用于添加,删除,更新和查询数据库记录,并检查数据库完整性,常用的语句关键字有`insert , update, select, delete`等等
> * DCL(Database Control Language)
>   * 数据库控制语言,用于控制不同数据段直接的许可和访问级别的语句,这些语句定义了数据库,表,字段,用户的访问权限和安全级别,主要关键字有 `grant revoke`等等

### 2.DDL语言

> 对数据库内部的对象的创建,删除,修改的操作语句,
>
> 在`mysql`中的一些特殊保留字
>
> ```bash
> ?         (\?) Synonym for `help'.    # 请求帮助
> clear     (\c) Clear the current input statement.   #  提前终止语句执行
> go        (\g) Send command to mysql server.        # 无语语句结束符是什么,直接送服务器执行
> #无论语句是什么,直接送服务器执行,并且结果一竖排的方式显示 
> ego       (\G) Send command to mysql server, display result vertically. 
> # 执行shell命令
> system    (\!) Execute a system shell command.
> # 语句执行结束后显示警告信息
> warnings  (\W) Show warnings after every statement.
> # 对新建的对象,支持补全功能
> rehash    (\#) Rebuild completion hash.
> ```
>
> 
>

 #### 1.创建数据库

>
> ```mysql
> CREATE {DATABASE | SCHEMA} [IF NOT EXISTS] db_name
>     [create_specification] ...
>
> create_specification:
>     [DEFAULT] CHARACTER SET [=] charset_name
>   | [DEFAULT] COLLATE [=] collation_name
>  /*CHARACTER SET 指定默认的字符集 COLLATE指定默认的数据库排序规则*/
> ```
>
> ```mysql
> mysql> create database test1 character set=utf8;
> Query OK, 1 row affected (0.02 sec)
> ```
>
> `Qurey OK` :执行成功 `1row affected` 1行受到影响
>

 ##### 查看创建的数据库/查看所有数据

>
> ```mysql
> mysql> show databases;
> +--------------------+
> | Database           |
> +--------------------+
> | information_schema |
> | mysql              |
> | performance_schema |
> | sys                |
> | test1              |
> +--------------------+
> 5 rows in set (0.00 sec)
> ```
>
> * `informathin_schema ` 存储了系统的一些数据库对象信息,比如用户表信息,列信息,权限信息,字符集信息等
> * `mysql` 存储了系统的用户权限信息
> * `sys` 性能架构
> * `performance_schema` 查看数据库中的表,以查看有关服务器性能特征及其运行的引用程序的实时信息,
>

 ##### 使用数据库/查看当前使用的数据库

>
> * `use` :切换使用的数据库
> * `select database()` 查看当前使用的数据库
>
> ```mysql
> mysql> use test1;
> Database changed
>
> mysql> select database();
> +------------+
> | database() |
> +------------+
> | test1      |
> +------------+
> 1 row in set (0.00 sec)
> ```

####  2.删除数据库

>
>       `drop` 关键字用于删除数据库,会删除数据库中所有的表
>
>       ```mysql
>       DROP {DATABASE | SCHEMA} [IF EXISTS] db_name
>       ```
>

#### 3.创建表

>
>       ```mysql
>       CREATE [TEMPORARY] TABLE [IF NOT EXISTS] tbl_name
>           (create_definition,...)
>           [table_options]
>           [partition_options]
>    
>       CREATE [TEMPORARY] TABLE [IF NOT EXISTS] tbl_name
>           [(create_definition,...)]
>           [table_options]
>           [partition_options]
>           [IGNORE | REPLACE]
>           [AS] query_expression
>    
>       CREATE [TEMPORARY] TABLE [IF NOT EXISTS] tbl_name
>           { LIKE old_tbl_name | (LIKE old_tbl_name) }
>    
>       create_definition:
>           col_name column_definition
>         | [CONSTRAINT [symbol]] PRIMARY KEY [index_type] (index_col_name,...)
>             [index_option] ...
>         | {INDEX|KEY} [index_name] [index_type] (index_col_name,...)
>             [index_option] ...
>         | [CONSTRAINT [symbol]] UNIQUE [INDEX|KEY]
>             [index_name] [index_type] (index_col_name,...)
>             [index_option] ...
>         | {FULLTEXT|SPATIAL} [INDEX|KEY] [index_name] (index_col_name,...)
>             [index_option] ...
>         | [CONSTRAINT [symbol]] FOREIGN KEY
>             [index_name] (index_col_name,...) reference_definition
>         | CHECK (expr)
>    
>       column_definition:
>           data_type [NOT NULL | NULL] [DEFAULT default_value]
>             [AUTO_INCREMENT] [UNIQUE [KEY]] [[PRIMARY] KEY]
>             [COMMENT 'string']
>             [COLUMN_FORMAT {FIXED|DYNAMIC|DEFAULT}]
>             [STORAGE {DISK|MEMORY|DEFAULT}]
>             [reference_definition]
>         | data_type [GENERATED ALWAYS] AS (expression)
>             [VIRTUAL | STORED] [NOT NULL | NULL]
>             [UNIQUE [KEY]] [[PRIMARY] KEY]
>             [COMMENT 'string']
>    
>       data_type:
>           BIT[(length)]
>         | TINYINT[(length)] [UNSIGNED] [ZEROFILL]
>         | SMALLINT[(length)] [UNSIGNED] [ZEROFILL]
>         | MEDIUMINT[(length)] [UNSIGNED] [ZEROFILL]
>         | INT[(length)] [UNSIGNED] [ZEROFILL]
>         | INTEGER[(length)] [UNSIGNED] [ZEROFILL]
>         | BIGINT[(length)] [UNSIGNED] [ZEROFILL]
>         | REAL[(length,decimals)] [UNSIGNED] [ZEROFILL]
>         | DOUBLE[(length,decimals)] [UNSIGNED] [ZEROFILL]
>         | FLOAT[(length,decimals)] [UNSIGNED] [ZEROFILL]
>         | DECIMAL[(length[,decimals])] [UNSIGNED] [ZEROFILL]
>         | NUMERIC[(length[,decimals])] [UNSIGNED] [ZEROFILL]
>         | DATE
>         | TIME[(fsp)]
>         | TIMESTAMP[(fsp)]
>         | DATETIME[(fsp)]
>         | YEAR
>         | CHAR[(length)]
>             [CHARACTER SET charset_name] [COLLATE collation_name]
>         | VARCHAR(length)
>             [CHARACTER SET charset_name] [COLLATE collation_name]
>         | BINARY[(length)]
>         | VARBINARY(length)
>         | TINYBLOB
>         | BLOB[(length)]
>         | MEDIUMBLOB
>         | LONGBLOB
>         | TINYTEXT
>             [CHARACTER SET charset_name] [COLLATE collation_name]
>         | TEXT[(length)]
>             [CHARACTER SET charset_name] [COLLATE collation_name]
>         | MEDIUMTEXT
>             [CHARACTER SET charset_name] [COLLATE collation_name]
>         | LONGTEXT
>             [CHARACTER SET charset_name] [COLLATE collation_name]
>         | ENUM(value1,value2,value3,...)
>             [CHARACTER SET charset_name] [COLLATE collation_name]
>         | SET(value1,value2,value3,...)
>             [CHARACTER SET charset_name] [COLLATE collation_name]
>         | JSON
>         | spatial_type
>    
>       index_col_name:
>           col_name [(length)] [ASC | DESC]
>    
>       index_type:
>           USING {BTREE | HASH}
>    
>       index_option:
>           KEY_BLOCK_SIZE [=] value
>         | index_type
>         | WITH PARSER parser_name
>         | COMMENT 'string'
>    
>       reference_definition:
>           REFERENCES tbl_name (index_col_name,...)
>             [MATCH FULL | MATCH PARTIAL | MATCH SIMPLE]
>             [ON DELETE reference_option]
>             [ON UPDATE reference_option]
>    
>       reference_option:
>           RESTRICT | CASCADE | SET NULL | NO ACTION | SET DEFAULT
>    
>       table_options:
>           table_option [[,] table_option] ...
>    
>       table_option:
>           AUTO_INCREMENT [=] value
>         | AVG_ROW_LENGTH [=] value
>         | [DEFAULT] CHARACTER SET [=] charset_name
>         | CHECKSUM [=] {0 | 1}
>         | [DEFAULT] COLLATE [=] collation_name
>         | COMMENT [=] 'string'
>         | COMPRESSION [=] {'ZLIB'|'LZ4'|'NONE'}
>         | CONNECTION [=] 'connect_string'
>         | {DATA|INDEX} DIRECTORY [=] 'absolute path to directory'
>         | DELAY_KEY_WRITE [=] {0 | 1}
>         | ENCRYPTION [=] {'Y' | 'N'}
>         | ENGINE [=] engine_name
>         | INSERT_METHOD [=] { NO | FIRST | LAST }
>         | KEY_BLOCK_SIZE [=] value
>         | MAX_ROWS [=] value
>         | MIN_ROWS [=] value
>         | PACK_KEYS [=] {0 | 1 | DEFAULT}
>         | PASSWORD [=] 'string'
>         | ROW_FORMAT [=] {DEFAULT|DYNAMIC|FIXED|COMPRESSED|REDUNDANT|COMPACT}
>         | STATS_AUTO_RECALC [=] {DEFAULT|0|1}
>         | STATS_PERSISTENT [=] {DEFAULT|0|1}
>         | STATS_SAMPLE_PAGES [=] value
>         | TABLESPACE tablespace_name [STORAGE {DISK|MEMORY|DEFAULT}]
>         | UNION [=] (tbl_name[,tbl_name]...)
>    
>       partition_options:
>           PARTITION BY
>               { [LINEAR] HASH(expr)
>               | [LINEAR] KEY [ALGORITHM={1|2}] (column_list)
>               | RANGE{(expr) | COLUMNS(column_list)}
>               | LIST{(expr) | COLUMNS(column_list)} }
>           [PARTITIONS num]
>           [SUBPARTITION BY
>               { [LINEAR] HASH(expr)
>               | [LINEAR] KEY [ALGORITHM={1|2}] (column_list) }
>             [SUBPARTITIONS num]
>           ]
>           [(partition_definition [, partition_definition] ...)]
>    
>       partition_definition:
>           PARTITION partition_name
>               [VALUES
>                   {LESS THAN {(expr | value_list) | MAXVALUE}
>                   |
>                   IN (value_list)}]
>               [[STORAGE] ENGINE [=] engine_name]
>               [COMMENT [=] 'string' ]
>               [DATA DIRECTORY [=] 'data_dir']
>               [INDEX DIRECTORY [=] 'index_dir']
>               [MAX_ROWS [=] max_number_of_rows]
>               [MIN_ROWS [=] min_number_of_rows]
>               [TABLESPACE [=] tablespace_name]
>               [(subpartition_definition [, subpartition_definition] ...)]
>    
>       subpartition_definition:
>           SUBPARTITION logical_name
>               [[STORAGE] ENGINE [=] engine_name]
>               [COMMENT [=] 'string' ]
>               [DATA DIRECTORY [=] 'data_dir']
>               [INDEX DIRECTORY [=] 'index_dir']
>               [MAX_ROWS [=] max_number_of_rows]
>               [MIN_ROWS [=] min_number_of_rows]
>               [TABLESPACE [=] tablespace_name]
>    
>       query_expression:
>           SELECT ...   (Some valid select or union statement)
>       ```
>    
>        可以简单的创建为:(以后会深入学习)
>    
>       ```mysql
>       mysql> create table emp(ename varchar(10), hiredata date, sal decimal(10,2),deptno int(2));
>       Query OK, 0 rows affected (0.28 sec)
>       ```
>
 ##### `DESCRIBE ` 查看表结构  
>
>       ```mysql
>       mysql> DESCRIBE emp
>           -> ;
>       +----------+---------------+------+-----+---------+-------+
>       | Field    | Type          | Null | Key | Default | Extra |
>       +----------+---------------+------+-----+---------+-------+
>       | ename    | varchar(10)   | YES  |     | NULL    |       |
>       | hiredata | date          | YES  |     | NULL    |       |
>       | sal      | decimal(10,2) | YES  |     | NULL    |       |
>       | deptno   | int(2)        | YES  |     | NULL    |       |
>       +----------+---------------+------+-----+---------+-------+
>       4 rows in set (0.05 sec)
>       ```
>

 ##### `SHOW` 命令查看更详细的表定义和结构

>
>       ```mysql
>       SHOW CREATE {DATABASE | SCHEMA} [IF NOT EXISTS] db_name
>       SHOW CREATE TABLE tbl_name
>       ```
>    
>       ```mysql
>       mysql> show create database test1 \G;
>       *************************** 1. row ***************************
>              Database: test1
>       Create Database: CREATE DATABASE `test1` /*!40100 DEFAULT CHARACTER SET utf8 */
>       1 row in set (0.00 sec)
>    
>       ERROR:
>       No query specified
>    
>       mysql> show create table emp \G;
>       *************************** 1. row ***************************
>              Table: emp
>       Create Table: CREATE TABLE `emp` (
>         `ename` varchar(10) DEFAULT NULL,
>         `hiredata` date DEFAULT NULL,
>         `sal` decimal(10,2) DEFAULT NULL,
>         `deptno` int(2) DEFAULT NULL
>       ) ENGINE=InnoDB DEFAULT CHARSET=utf8
>       1 row in set (0.00 sec)
>    
>       ERROR:
>       No query specified
>       ```
>
>

 #### 4.删除表

>
> ```mysql
> DROP [TEMPORARY] TABLE [IF EXISTS]
>       tbl_name [, tbl_name] ...
>       [RESTRICT | CASCADE]
> ```
>

> #### 5.修改表

>
> `ALTER TABLE` 语法,用于表结构的修改
>
> ```mysql
> ALTER TABLE tbl_name
>     [alter_specification [, alter_specification] ...]
>     [partition_options]
>
> alter_specification:
>     table_options
>   | ADD [COLUMN] col_name column_definition
>         [FIRST | AFTER col_name]
>   | ADD [COLUMN] (col_name column_definition,...)
>   | ADD {INDEX|KEY} [index_name]
>         [index_type] (index_col_name,...) [index_option] ...
>   | ADD [CONSTRAINT [symbol]] PRIMARY KEY
>         [index_type] (index_col_name,...) [index_option] ...
>   | ADD [CONSTRAINT [symbol]]
>         UNIQUE [INDEX|KEY] [index_name]
>         [index_type] (index_col_name,...) [index_option] ...
>   | ADD FULLTEXT [INDEX|KEY] [index_name]
>         (index_col_name,...) [index_option] ...
>   | ADD SPATIAL [INDEX|KEY] [index_name]
>         (index_col_name,...) [index_option] ...
>   | ADD [CONSTRAINT [symbol]]
>         FOREIGN KEY [index_name] (index_col_name,...)
>         reference_definition
>   | ALGORITHM [=] {DEFAULT|INPLACE|COPY}
>   | ALTER [COLUMN] col_name {SET DEFAULT literal | DROP DEFAULT}
>   | CHANGE [COLUMN] old_col_name new_col_name column_definition
>         [FIRST|AFTER col_name]
>   | [DEFAULT] CHARACTER SET [=] charset_name [COLLATE [=] collation_name]
>   | CONVERT TO CHARACTER SET charset_name [COLLATE collation_name]
>   | {DISABLE|ENABLE} KEYS
>   | {DISCARD|IMPORT} TABLESPACE
>   | DROP [COLUMN] col_name
>   | DROP {INDEX|KEY} index_name
>   | DROP PRIMARY KEY
>   | DROP FOREIGN KEY fk_symbol
>   | FORCE
>   | LOCK [=] {DEFAULT|NONE|SHARED|EXCLUSIVE}
>   | MODIFY [COLUMN] col_name column_definition
>         [FIRST | AFTER col_name]
>   | ORDER BY col_name [, col_name] ...
>   | RENAME {INDEX|KEY} old_index_name TO new_index_name
>   | RENAME [TO|AS] new_tbl_name
>   | {WITHOUT|WITH} VALIDATION
>   | ADD PARTITION (partition_definition)
>   | DROP PARTITION partition_names
>   | DISCARD PARTITION {partition_names | ALL} TABLESPACE
>   | IMPORT PARTITION {partition_names | ALL} TABLESPACE
>   | TRUNCATE PARTITION {partition_names | ALL}
>   | COALESCE PARTITION number
>   | REORGANIZE PARTITION partition_names INTO (partition_definitions)
>   | EXCHANGE PARTITION partition_name WITH TABLE tbl_name [{WITH|WITHOUT} VALIDATION]
>   | ANALYZE PARTITION {partition_names | ALL}
>   | CHECK PARTITION {partition_names | ALL}
>   | OPTIMIZE PARTITION {partition_names | ALL}
>   | REBUILD PARTITION {partition_names | ALL}
>   | REPAIR PARTITION {partition_names | ALL}
>   | REMOVE PARTITIONING
>   | UPGRADE PARTITIONING
>
> index_col_name:
>     col_name [(length)] [ASC | DESC]
>
> index_type:
>     USING {BTREE | HASH}
>
> index_option:
>     KEY_BLOCK_SIZE [=] value
>   | index_type
>   | WITH PARSER parser_name
>   | COMMENT 'string'
>
> table_options:
>     table_option [[,] table_option] ...
>
> table_option:
>     AUTO_INCREMENT [=] value
>   | AVG_ROW_LENGTH [=] value
>   | [DEFAULT] CHARACTER SET [=] charset_name
>   | CHECKSUM [=] {0 | 1}
>   | [DEFAULT] COLLATE [=] collation_name
>   | COMMENT [=] 'string'
>   | COMPRESSION [=] {'ZLIB'|'LZ4'|'NONE'}
>   | CONNECTION [=] 'connect_string'
>   | {DATA|INDEX} DIRECTORY [=] 'absolute path to directory'
>   | DELAY_KEY_WRITE [=] {0 | 1}
>   | ENCRYPTION [=] {'Y' | 'N'}
>   | ENGINE [=] engine_name
>   | INSERT_METHOD [=] { NO | FIRST | LAST }
>   | KEY_BLOCK_SIZE [=] value
>   | MAX_ROWS [=] value
>   | MIN_ROWS [=] value
>   | PACK_KEYS [=] {0 | 1 | DEFAULT}
>   | PASSWORD [=] 'string'
>   | ROW_FORMAT [=] {DEFAULT|DYNAMIC|FIXED|COMPRESSED|REDUNDANT|COMPACT}
>   | STATS_AUTO_RECALC [=] {DEFAULT|0|1}
>   | STATS_PERSISTENT [=] {DEFAULT|0|1}
>   | STATS_SAMPLE_PAGES [=] value
>   | TABLESPACE tablespace_name [STORAGE {DISK|MEMORY|DEFAULT}]
>   | UNION [=] (tbl_name[,tbl_name]...)
>
> partition_options:
>     (see CREATE TABLE options)
> ```
>
> 常见的操作有
>

 ##### 修改表的类型

> ```mysql 
> ALTER TABLE tablename MODIFY [COLUMN]  cloumn_definition[First |AFTER clo_name]
> ```
>
> ```mysql
> mysql> DESC emp;
> +----------+---------------+------+-----+---------+-------+
> | Field    | Type          | Null | Key | Default | Extra |
> +----------+---------------+------+-----+---------+-------+
> | ename    | varchar(10)   | YES  |     | NULL    |       |
> | hiredata | date          | YES  |     | NULL    |       |
> | sal      | decimal(10,2) | YES  |     | NULL    |       |
> | deptno   | int(2)        | YES  |     | NULL    |       |
> +----------+---------------+------+-----+---------+-------+
> 4 rows in set (0.00 sec)
>
> mysql> DESC emp;
> +----------+---------------+------+-----+---------+-------+
> | Field    | Type          | Null | Key | Default | Extra |
> +----------+---------------+------+-----+---------+-------+
> | ename    | varchar(30)   | YES  |     | NULL    |       |
> | hiredata | date          | YES  |     | NULL    |       |
> | sal      | decimal(10,2) | YES  |     | NULL    |       |
> | deptno   | int(2)        | YES  |     | NULL    |       |
> +----------+---------------+------+-----+---------+-------+
> 4 rows in set (0.00 sec)
> ```
>

 ##### 增加表字段

>
> ```mysql 
> ALTER TABLE tablename ADD [COLUMN] column_definition [FIRST | AFTER col_name]
> ```
>
> ```mysql
> mysql> DESC emp;
> +----------+---------------+------+-----+---------+-------+
> | Field    | Type          | Null | Key | Default | Extra |
> +----------+---------------+------+-----+---------+-------+
> | ename    | varchar(30)   | YES  |     | NULL    |       |
> | hiredata | date          | YES  |     | NULL    |       |
> | sal      | decimal(10,2) | YES  |     | NULL    |       |
> | deptno   | int(2)        | YES  |     | NULL    |       |
> +----------+---------------+------+-----+---------+-------+
> 4 rows in set (0.00 sec)
>
> mysql> alter table emp add column id int(3);
> Query OK, 0 rows affected (0.07 sec)
> Records: 0  Duplicates: 0  Warnings: 0
>
> mysql> DESC emp;
> +----------+---------------+------+-----+---------+-------+
> | Field    | Type          | Null | Key | Default | Extra |
> +----------+---------------+------+-----+---------+-------+
> | ename    | varchar(30)   | YES  |     | NULL    |       |
> | hiredata | date          | YES  |     | NULL    |       |
> | sal      | decimal(10,2) | YES  |     | NULL    |       |
> | deptno   | int(2)        | YES  |     | NULL    |       |
> | id       | int(3)        | YES  |     | NULL    |       |
> +----------+---------------+------+-----+---------+-------+
> 5 rows in set (0.00 sec)
> ```
>

 ##### 删除表字段

>
> ```mysql
> ALTER TABLE tablename DROP [COLUMN] col_name
> ```
>
> ```mysql
> mysql> DESC emp;
> +----------+---------------+------+-----+---------+-------+
> | Field    | Type          | Null | Key | Default | Extra |
> +----------+---------------+------+-----+---------+-------+
> | ename    | varchar(30)   | YES  |     | NULL    |       |
> | hiredata | date          | YES  |     | NULL    |       |
> | sal      | decimal(10,2) | YES  |     | NULL    |       |
> | deptno   | int(2)        | YES  |     | NULL    |       |
> | id       | int(3)        | YES  |     | NULL    |       |
> +----------+---------------+------+-----+---------+-------+
> 5 rows in set (0.00 sec)
>
> mysql> alter table emp drop column id;
> Query OK, 0 rows affected (0.02 sec)
> Records: 0  Duplicates: 0  Warnings: 0
>
> mysql> DESC emp;
> +----------+---------------+------+-----+---------+-------+
> | Field    | Type          | Null | Key | Default | Extra |
> +----------+---------------+------+-----+---------+-------+
> | ename    | varchar(30)   | YES  |     | NULL    |       |
> | hiredata | date          | YES  |     | NULL    |       |
> | sal      | decimal(10,2) | YES  |     | NULL    |       |
> | deptno   | int(2)        | YES  |     | NULL    |       |
> +----------+---------------+------+-----+---------+-------+
> 4 rows in set (0.00 sec)
> ```
>

 ##### 字段改名

>
> ````mysql
> ALTER TABLE tablename  CHANGE [COLUMN] old_col_name new_col_name column_definition [FIRST|AFTER col_name]
> ````
>
> ```mysql
> mysql> DESC emp;
> +----------+---------------+------+-----+---------+-------+
> | Field    | Type          | Null | Key | Default | Extra |
> +----------+---------------+------+-----+---------+-------+
> | ename    | varchar(30)   | YES  |     | NULL    |       |
> | hiredata | date          | YES  |     | NULL    |       |
> | sal      | decimal(10,2) | YES  |     | NULL    |       |
> | deptno   | int(2)        | YES  |     | NULL    |       |
> | id       | int(3)        | YES  |     | NULL    |       |
> +----------+---------------+------+-----+---------+-------+
> 5 rows in set (0.00 sec)
>
> mysql> alter table  emp change  id uuid int(5);
> Query OK, 0 rows affected (0.00 sec)
> Records: 0  Duplicates: 0  Warnings: 0
>
> mysql> DESC emp;
> +----------+---------------+------+-----+---------+-------+
> | Field    | Type          | Null | Key | Default | Extra |
> +----------+---------------+------+-----+---------+-------+
> | ename    | varchar(30)   | YES  |     | NULL    |       |
> | hiredata | date          | YES  |     | NULL    |       |
> | sal      | decimal(10,2) | YES  |     | NULL    |       |
> | deptno   | int(2)        | YES  |     | NULL    |       |
> | uuid     | int(5)        | YES  |     | NULL    |       |
> +----------+---------------+------+-----+---------+-------+
> 5 rows in set (0.00 sec)
> ```
>

 ##### 修改字段排列顺序

> `ADD/CNAHGE/MODIFY`中，都有一个可选项 ` first|after column_name`，这个选项可以用来修改字段在表中的位置，默认ADD 增加的新字段是加在表的最后位置，而CHANGE/MODIFY 默认都不会改变字段的位置。
>

 ##### 修改表名

>
> ```mysql
> ALTER TABLE tablename RENAME [TO] new_tablename
> ```
>
> 

